{
       "J-coupling": [
                       {
                            "ID2": 11,
                            "ID1": 10,
                          "value": 8.889612
                       },
                       {
                            "ID2": 12,
                            "ID1": 10,
                          "value": 2.965846
                       }
                     ],
   "chemical shift": [
                       {
                          "value": 6.82071,
                             "ID": 10
                       },
                       {
                          "value": 6.85516,
                             "ID": 11
                       },
                       {
                          "value": 6.9354,
                             "ID": 12
                       }
                     ]
}
