{
       "J-coupling": [
                       {
                            "ID2": 11,
                            "ID1": 10,
                          "value": 8.573507
                       },
                       {
                            "ID2": 12,
                            "ID1": 10,
                          "value": 2.827344
                       }
                     ],
   "chemical shift": [
                       {
                          "value": 6.35069,
                             "ID": 10
                       },
                       {
                          "value": 6.7997,
                             "ID": 11
                       },
                       {
                          "value": 6.4889,
                             "ID": 12
                       }
                     ]
}
