{
       "J-coupling": [
                       {
                            "ID2": 13,
                            "ID1": 12,
                          "value": 8.267566
                       },
                       {
                            "ID2": 14,
                            "ID1": 12,
                          "value": 2.083984
                       }
                     ],
   "chemical shift": [
                       {
                          "value": 7.37827,
                             "ID": 12
                       },
                       {
                          "value": 6.92773,
                             "ID": 13
                       },
                       {
                          "value": 7.41834,
                             "ID": 14
                       }
                     ]
}
