{
       "J-coupling": [
                       {
                            "ID2": 11,
                            "ID1": 10,
                          "value": 8.798035
                       },
                       {
                            "ID2": 12,
                            "ID1": 10,
                          "value": 2.123346
                       }
                     ],
   "chemical shift": [
                       {
                          "value": 7.1946,
                             "ID": 10
                       },
                       {
                          "value": 7.37703,
                             "ID": 11
                       },
                       {
                          "value": 7.46762,
                             "ID": 12
                       }
                     ]
}
