{
       "J-coupling": [
                       {
                            "ID2": 11,
                            "ID1": 10,
                          "value": 8.789429
                       },
                       {
                            "ID2": 12,
                            "ID1": 10,
                          "value": 2.256836
                       }
                     ],
   "chemical shift": [
                       {
                          "value": 6.39421,
                             "ID": 10
                       },
                       {
                          "value": 6.60167,
                             "ID": 11
                       },
                       {
                          "value": 6.72931,
                             "ID": 12
                       }
                     ]
}
