{
       "J-coupling": [
                       {
                            "ID2": 12,
                            "ID1": 11,
                          "value": 9.284814
                       },
                       {
                            "ID2": 13,
                            "ID1": 11,
                          "value": 2.143549
                       }
                     ],
   "chemical shift": [
                       {
                          "value": 8.08355,
                             "ID": 11
                       },
                       {
                          "value": 6.60396,
                             "ID": 12
                       },
                       {
                          "value": 8.06902,
                             "ID": 13
                       }
                     ]
}
