{
       "J-coupling": [
                       {
                            "ID2": 12,
                            "ID1": 13,
                          "value": 8.673263
                       },
                       {
                            "ID2": 14,
                            "ID1": 12,
                          "value": 1.775781
                       }
                     ],
   "chemical shift": [
                       {
                          "value": 7.44637,
                             "ID": 13
                       },
                       {
                          "value": 6.58825,
                             "ID": 12
                       },
                       {
                          "value": 7.01648,
                             "ID": 14
                       }
                     ]
}
