{
       "J-coupling": [
                       {
                            "ID2": 11,
                            "ID1": 10,
                          "value": 8.800768
                       },
                       {
                            "ID2": 12,
                            "ID1": 10,
                          "value": 2.697019
                       }
                     ],
   "chemical shift": [
                       {
                          "value": 6.72022,
                             "ID": 10
                       },
                       {
                          "value": 6.88758,
                             "ID": 11
                       },
                       {
                          "value": 6.9196,
                             "ID": 12
                       }
                     ]
}
