{
       "J-coupling": [
                       {
                            "ID2": 13,
                            "ID1": 12,
                          "value": 8.903835
                       },
                       {
                            "ID2": 14,
                            "ID1": 12,
                          "value": 2.548965
                       }
                     ],
   "chemical shift": [
                       {
                          "value": 7.71969,
                             "ID": 12
                       },
                       {
                          "value": 6.65766,
                             "ID": 13
                       },
                       {
                          "value": 7.5727,
                             "ID": 14
                       }
                     ]
}
