{
       "J-coupling": [
                       {
                            "ID2": 10,
                            "ID1": 9,
                          "value": 1.700545
                       },
                       {
                            "ID2": 11,
                            "ID1": 9,
                          "value": 1.409985
                       }
                     ],
   "chemical shift": [
                       {
                          "value": 7.46735,
                             "ID": 9
                       },
                       {
                          "value": 6.7857,
                             "ID": 10
                       },
                       {
                          "value": 8.12433,
                             "ID": 11
                       }
                     ]
}
