{
       "J-coupling": [
                       {
                            "ID2": 11,
                            "ID1": 10,
                          "value": 7.865479
                       },
                       {
                            "ID2": 12,
                            "ID1": 10,
                          "value": 7.865479
                       }
                     ],
   "chemical shift": [
                       {
                          "value": 6.11588,
                             "ID": 10
                       },
                       {
                          "value": 6.75258,
                             "ID": 11
                       },
                       {
                          "value": 6.75258,
                             "ID": 12
                       }
                     ]
}
