{
       "J-coupling": [
                       {
                            "ID2": 11,
                            "ID1": 10,
                          "value": 8.899916
                       },
                       {
                            "ID2": 12,
                            "ID1": 10,
                          "value": 2.154692
                       }
                     ],
   "chemical shift": [
                       {
                          "value": 6.6554,
                             "ID": 10
                       },
                       {
                          "value": 6.4168,
                             "ID": 11
                       },
                       {
                          "value": 6.9284,
                             "ID": 12
                       }
                     ]
}
