{
       "J-coupling": [
                       {
                            "ID2": 13,
                            "ID1": 12,
                          "value": 8.060799
                       },
                       {
                            "ID2": 14,
                            "ID1": 12,
                          "value": 8.060799
                       }
                     ],
   "chemical shift": [
                       {
                          "value": 7.33899,
                             "ID": 12
                       },
                       {
                          "value": 7.0917,
                             "ID": 13
                       },
                       {
                          "value": 7.35624,
                             "ID": 14
                       }
                     ]
}
