{
       "J-coupling": [
                       {
                            "ID2": 15,
                            "ID1": 14,
                          "value": 9.251214
                       },
                       {
                            "ID2": 16,
                            "ID1": 14,
                          "value": 1.727439
                       }
                     ],
   "chemical shift": [
                       {
                          "value": 7.6871,
                             "ID": 14
                       },
                       {
                          "value": 8.0382,
                             "ID": 15
                       },
                       {
                          "value": 8.3449,
                             "ID": 16
                       }
                     ]
}
