{
       "J-coupling": [
                       {
                            "ID2": 13,
                            "ID1": 12,
                          "value": 8.904364
                       },
                       {
                            "ID2": 14,
                            "ID1": 12,
                          "value": 1.484691
                       }
                     ],
   "chemical shift": [
                       {
                          "value": 7.26193,
                             "ID": 12
                       },
                       {
                          "value": 7.60836,
                             "ID": 13
                       },
                       {
                          "value": 7.4296,
                             "ID": 14
                       }
                     ]
}
