{
       "J-coupling": [
                       {
                            "ID2": 13,
                            "ID1": 12,
                          "value": 8.195546
                       },
                       {
                            "ID2": 14,
                            "ID1": 12,
                          "value": 2.799463
                       }
                     ],
   "chemical shift": [
                       {
                          "value": 7.7794,
                             "ID": 12
                       },
                       {
                          "value": 7.3644,
                             "ID": 13
                       },
                       {
                          "value": 7.9664,
                             "ID": 14
                       }
                     ]
}
