{
       "J-coupling": [
                       {
                            "ID2": 13,
                            "ID1": 12,
                          "value": 9.550205
                       },
                       {
                            "ID2": 14,
                            "ID1": 12,
                          "value": 1.754486
                       }
                     ],
   "chemical shift": [
                       {
                          "value": 8.2665,
                             "ID": 12
                       },
                       {
                          "value": 7.7604,
                             "ID": 13
                       },
                       {
                          "value": 8.4428,
                             "ID": 14
                       }
                     ]
}
