{
       "J-coupling": [
                       {
                            "ID2": 14,
                            "ID1": 13,
                          "value": 7.800166
                       },
                       {
                            "ID2": 15,
                            "ID1": 13,
                          "value": 1.486639
                       }
                     ],
   "chemical shift": [
                       {
                          "value": 7.2146,
                             "ID": 13
                       },
                       {
                          "value": 7.15905,
                             "ID": 14
                       },
                       {
                          "value": 7.93058,
                             "ID": 15
                       }
                     ]
}
