{
       "J-coupling": [
                       {
                            "ID2": 11,
                            "ID1": 10,
                          "value": 9.632632
                       },
                       {
                            "ID2": 12,
                            "ID1": 10,
                          "value": 2.936008
                       }
                     ],
   "chemical shift": [
                       {
                          "value": 6.79356,
                             "ID": 10
                       },
                       {
                          "value": 7.12432,
                             "ID": 11
                       },
                       {
                          "value": 6.99229,
                             "ID": 12
                       }
                     ]
}
