{
       "J-coupling": [
                       {
                            "ID2": 16,
                            "ID1": 15,
                          "value": 11.038185
                       },
                       {
                            "ID2": 17,
                            "ID1": 15,
                          "value": 1.723954
                       }
                     ],
   "chemical shift": [
                       {
                          "value": 7.93153,
                             "ID": 15
                       },
                       {
                          "value": 7.63678,
                             "ID": 16
                       },
                       {
                          "value": 8.16056,
                             "ID": 17
                       }
                     ]
}
