{
       "J-coupling": [
                       {
                            "ID2": 11,
                            "ID1": 10,
                          "value": 8.797963
                       },
                       {
                            "ID2": 12,
                            "ID1": 10,
                          "value": 2.823291
                       }
                     ],
   "chemical shift": [
                       {
                          "value": 7.8364,
                             "ID": 10
                       },
                       {
                          "value": 8.0308,
                             "ID": 11
                       },
                       {
                          "value": 8.61299,
                             "ID": 12
                       }
                     ]
}
