{
       "J-coupling": [
                       {
                            "ID2": 17,
                            "ID1": 16,
                          "value": 9.161631
                       },
                       {
                            "ID2": 18,
                            "ID1": 16,
                          "value": 1.820989
                       }
                     ],
   "chemical shift": [
                       {
                          "value": 7.85362,
                             "ID": 16
                       },
                       {
                          "value": 8.22727,
                             "ID": 17
                       },
                       {
                          "value": 8.05187,
                             "ID": 18
                       }
                     ]
}
