{
       "J-coupling": [
                       {
                            "ID2": 13,
                            "ID1": 12,
                          "value": 8.920874
                       },
                       {
                            "ID2": 14,
                            "ID1": 12,
                          "value": 2.030011
                       }
                     ],
   "chemical shift": [
                       {
                          "value": 6.75688,
                             "ID": 12
                       },
                       {
                          "value": 7.64477,
                             "ID": 13
                       },
                       {
                          "value": 6.86171,
                             "ID": 14
                       }
                     ]
}
