{
       "J-coupling": [
                       {
                            "ID2": 15,
                            "ID1": 14,
                          "value": 9.241688
                       },
                       {
                            "ID2": 16,
                            "ID1": 14,
                          "value": 1.788673
                       }
                     ],
   "chemical shift": [
                       {
                          "value": 7.2016,
                             "ID": 14
                       },
                       {
                          "value": 6.9522,
                             "ID": 15
                       },
                       {
                          "value": 7.3585,
                             "ID": 16
                       }
                     ]
}
