{
       "J-coupling": [
                       {
                            "ID2": 14,
                            "ID1": 13,
                          "value": 8.711047
                       },
                       {
                            "ID2": 15,
                            "ID1": 13,
                          "value": 1.926985
                       }
                     ],
   "chemical shift": [
                       {
                          "value": 7.8018,
                             "ID": 13
                       },
                       {
                          "value": 7.7666,
                             "ID": 14
                       },
                       {
                          "value": 8.08645,
                             "ID": 15
                       }
                     ]
}
