{
       "J-coupling": [
                       {
                            "ID2": 14,
                            "ID1": 13,
                          "value": 8.436904
                       },
                       {
                            "ID2": 15,
                            "ID1": 13,
                          "value": 1.274457
                       }
                     ],
   "chemical shift": [
                       {
                          "value": 7.2527,
                             "ID": 13
                       },
                       {
                          "value": 7.31391,
                             "ID": 14
                       },
                       {
                          "value": 7.4878,
                             "ID": 15
                       }
                     ]
}
