{
       "J-coupling": [
                       {
                            "ID2": 13,
                            "ID1": 12,
                          "value": 8.804946
                       },
                       {
                            "ID2": 14,
                            "ID1": 12,
                          "value": 2.209907
                       }
                     ],
   "chemical shift": [
                       {
                          "value": 6.7087,
                             "ID": 12
                       },
                       {
                          "value": 7.30114,
                             "ID": 13
                       },
                       {
                          "value": 6.83795,
                             "ID": 14
                       }
                     ]
}
