{
       "J-coupling": [
                       {
                            "ID2": 16,
                            "ID1": 15,
                          "value": 8.300397
                       },
                       {
                            "ID2": 17,
                            "ID1": 15,
                          "value": 1.506152
                       }
                     ],
   "chemical shift": [
                       {
                          "value": 7.49798,
                             "ID": 15
                       },
                       {
                          "value": 6.97699,
                             "ID": 16
                       },
                       {
                          "value": 7.65745,
                             "ID": 17
                       }
                     ]
}
