{
       "J-coupling": [
                       {
                            "ID2": 13,
                            "ID1": 12,
                          "value": 7.629583
                       },
                       {
                            "ID2": 14,
                            "ID1": 12,
                          "value": 2.432617
                       }
                     ],
   "chemical shift": [
                       {
                          "value": 7.12409,
                             "ID": 12
                       },
                       {
                          "value": 7.41099,
                             "ID": 13
                       },
                       {
                          "value": 7.47627,
                             "ID": 14
                       }
                     ]
}
