{
       "J-coupling": [
                       {
                            "ID2": 12,
                            "ID1": 11,
                          "value": 9.629718
                       },
                       {
                            "ID2": 13,
                            "ID1": 11,
                          "value": 1.699563
                       }
                     ],
   "chemical shift": [
                       {
                          "value": 7.46846,
                             "ID": 11
                       },
                       {
                          "value": 6.93795,
                             "ID": 12
                       },
                       {
                          "value": 7.7009,
                             "ID": 13
                       }
                     ]
}
